1;Robert;Nowak;s7h55g22;68ttr1;nowakr@o2.pl;867-83-1126;01.07.1996
2;£ukasz;Lis;l8816i3b;sxdh6x;jcholewa@optonline.net;661-88-0492;09.08.1973
3;Ernest;Michalak;8j1mbxd6;pkvwr1;pemungkah@comcast.net;656-83-5646;14.08.1974
4;Florian;Przybylski;56225kgi;8mh386;duchamp@yahoo.ca;429-58-4624;31.12.1974
5;Cyprian;Soko³owski;nl0yvlcn;5z9a7l;danny@mac.com;408-69-7646;12.05.1975
6;Józef;Czarnecki;p8rl408c;zk3tsc;joglo@outlook.com;235-91-8472;23.11.1976
7;Jêdrzej;Sikora;di4dl1vg;vjxa7w;anicolao@icloud.com;963-82-1294;07.11.1977
8;Kamil;Zieliñski;iss84zb0;x9u818;jgmyers@att.net;288-14-7812;14.02.1980
9;Hubert;Adamska;as7ijsk7;36rpnc;feamster@me.com;148-63-0588;27.03.1980
10;Grzegorz;Tomaszewski;x3pu1d45;d8gsfk;karasik@gmail.com;975-26-7487;05.09.1980
11;Emanuel;Chmielewski;dalh5eh5;9pvoci;engelen@hotmail.com;483-00-4677;15.01.1986
12;Mieszko;Wróblewski;ahkx5qtj;izxzhc;noneme@optonline.net;420-94-4727;16.10.1987
13;Ignacy;Urbañska;7wej62yz;lqywy2;mleary@mac.com;548-35-3878;09.05.1988
14;Robert;Adamska;52dg5i5a;6xrmzw;tjensen@me.com;225-63-6003;14.01.1993
15;Kornel;Wiœniewski;ceqylgbw;4s7zdz;matthijs@att.net;689-67-3145;06.04.1993
16;Martin;Przybylski;1xn9aaz0;1cnu0n;grinder@comcast.net;713-54-9936;30.04.1993
17;Aleks;KaŸmierczak;1kn9vr8q;tfnjm3;caidaperl@mac.com;090-65-3254;09.05.1994
18;Arkadiusz;Kowalczyk;0udnea3c;2fc97j;aschmitz@verizon.net;314-28-2697;18.06.1996
19;Olgierd;Szymczak;hu2ht3e9;8we4mx;matthijs@yahoo.com;843-20-8191;11.03.1997
20;Mieszko;Ko³odziej;yxxyop38;8mmfyl;ntegrity@optonline.net;617-67-2007;16.04.1997
21;Klaudiusz;Jakubowski;u8filqln;rp82l5;ryanvm@outlook.com;372-48-8687;27.10.1997
22;Emil;Krawczyk;ef6099m1;rhj4os;msloan@comcast.net;041-60-0982;27.11.1997
23;Robert;Zawadzki;s9rezhk2;clx3ex;gregh@gmail.com;022-58-3234;09.07.1998
24;Alojzy;Szymczak;ysv7pk4a;fvuoy5;yzheng@mac.com;784-03-2891;23.10.1998
25;Anastazy;Kaczmarczyk;v74el56s;xw4esq;oevans@verizon.net;410-68-1679;25.07.2000
26;Anatol;Szewczyk;3l86yaxr;3nkxs5;brainless@outlook.com;891-15-9473;13.03.1972
27;Maurycy;Szymczak;wpz4edpm;m83jih;jbuchana@msn.com;408-91-1101;20.06.1977
28;Kajetan;Górski;aals5fd9;tuwyke;ghost@msn.com;665-72-3891;15.05.1978
29;Jan;Cieœlak;kb7usy8c;c6njjt;jwarren@verizon.net;797-90-2950;26.06.1978
30;Julian;Pietrzak;z84x4e5i;an2mmf;jaxweb@hotmail.com;443-33-4455;31.10.1979
31;Elwira;Szymañska;1q589g9g;nsu4ew;knorr@att.net;464-38-0003;19.01.1981
32;Wioletta;Michalak;va43w0z2;nylmsk;paley@mac.com;271-22-8599;02.12.1981
33;Ma³gorzata;Ko³odziej;my22rcc2;1ahjv7;psharpe@me.com;154-65-4138;02.01.1984
34;Alisa;WoŸniak;99svt0aw;xawf5e;fudrucker@gmail.com;626-06-4065;03.10.1984
35;Kornelia;Szewczyk;fyho8smc;69g3vr;sinkou@verizon.net;171-30-3153;22.03.1985
36;Andrea;Górecka;csae046y;wq4snj;sblack@verizon.net;556-01-2536;08.04.1985
37;Matylda;Urbañska;yood3lqo;y60om6;henkp@sbcglobal.net;426-02-3529;30.05.1986
38;Bogda;Baran;hf97fio8;k2si7h;houle@me.com;619-74-9065;28.10.1986
39;Eleonora;Sadowska;ttadyaam;wyefca;curly@sbcglobal.net;719-41-0674;19.11.1987
40;Liliana;Kubiak;ny3f140o;srqj3h;andrei@live.com;085-79-7050;25.12.1987
41;Amelia;Krupa;rt4bxrqd;45grwa;caidaperl@gmail.com;744-34-8968;31.05.1989
42;Florentyna;Marciniak;v6x81gn3;ccaqq9;tedrlord@yahoo.ca;843-12-6011;01.01.1991
43;Bernadetta;Górska;kb8etl5d;l4iwtk;danneng@mac.com;058-19-8341;18.01.1993
44;Bianka;Witkowska;wjs1n471;jg6jyk;vlefevre@verizon.net;282-71-6503;06.04.1993
45;Krystyna;Chmielewska;st9ara4k;lhmjqt;mcast@live.com;829-13-1843;03.08.1993
46;Adrianna;Witkowska;esgta5tn;gmfwxp;gumpish@yahoo.com;644-45-4289;09.11.1994
47;Wioletta;Mróz;omviu45b;4af4d7;hoyer@outlook.com;612-88-3544;21.08.1996
48;Aisha;Kamiñska;5v8mcu89;txm2qy;sarahs@live.com;921-84-4039;20.10.1998
49;Klementyna;Jankowska;kmwbzqcg;s7pddt;madler@aol.com;357-89-2221;15.06.1999
50;Stanis³awa;Sadowska;k613sbmq;66527l;bolow@gmail.com;582-76-1115;15.06.2000
51;And¿elika;Piotrowska;cklnkq9g;jc7u5c;juerd@mac.com;874-20-0537;23.03.1973
52;Asia;Górecka;qykvinzg;2fctyr;dkeeler@sbcglobal.net;114-59-1948;27.08.1976
53;Wanda;Tomaszewska;ndfoewva;lr9lgw;jeffcovey@yahoo.ca;112-00-7169;27.07.1978
54;Florencja;Jaworska;5gpe4qfj;mmzcqs;ianbuck@outlook.com;273-69-3757;16.07.1979
55;Zuzanna;Malinowska;gattd6sq;6p5boy;ducasse@msn.com;486-83-5930;10.10.1980
56;Bogna;Malinowska;awd6xqkj;vz0vz3;cgcra@optonline.net;229-43-0246;04.01.1982
57;Amelia;Przybylska;i1ehnz4j;zj3bqg;dsowsy@verizon.net;099-36-9735;20.05.1983
58;Zuza;Wiœniewska;ll1rfcur;5msxe8;oechslin@optonline.net;892-57-6170;06.06.1983
59;Idalia;Urbañska;7ivxwf9g;ba921b;moinefou@hotmail.com;524-56-7592;01.05.1984
60;Kaja;Wójcik;s8iy9n2b;p38sla;camenisch@att.net;121-15-7121;16.01.1986
61;Aneta;Soko³owska;dmzn2pp0;2o0hx5;hager@aol.com;582-76-1656;18.04.1989
